Wall time,Step,Value
1597550852.061141,0,0.8210651874542236
1597550910.042084,1,0.7595722079277039
1597550962.865064,2,0.7329208254814148
1597551016.136385,3,0.7478805184364319
1597551069.436654,4,0.7171112895011902
1597551128.505507,5,0.7174156904220581
1597551181.505066,6,0.7126149535179138
1597551234.857067,7,0.7063295245170593
1597551288.168129,8,0.6968271136283875
1597551341.310376,9,0.6961060762405396
1597551394.480067,10,0.6972837448120117
1597551447.346815,11,0.6959124207496643
1597551500.335562,12,0.697456955909729
1597551559.197832,13,0.6951423287391663
1597551612.526832,14,0.6919481754302979
1597551665.5792,15,0.689098060131073
1597551718.564858,16,0.6927561163902283
1597551771.756365,17,0.6934337615966797
1597551824.922305,18,0.6926527619361877
1597551877.635318,19,0.6896365880966187
1597551929.402873,20,0.6829379200935364
1597551981.084108,21,0.6818390488624573
1597552032.998737,22,0.6790292859077454
1597552084.789068,23,0.6584728360176086
