Wall time,Step,Value
1597589925.500559,0,7.4939093589782715
1597590007.905073,1,0.6894861459732056
1597590090.167849,2,0.6879628896713257
1597590153.777911,3,0.6876305341720581
1597590217.458301,4,0.6878921985626221
1597590281.130775,5,0.6877427697181702
1597590363.248026,6,0.6875959038734436
1597590426.807112,7,0.6877743601799011
1597590490.415382,8,0.6876111626625061
1597590553.928607,9,0.6875132322311401
1597590617.551244,10,0.6879969835281372
1597590681.2585,11,0.6876480579376221
1597590744.926576,12,0.6875778436660767
1597590808.616972,13,0.6875582933425903
1597590872.324391,14,0.6875644326210022
1597590935.924521,15,0.6873400807380676
1597590999.074848,16,0.6876103281974792
